0.000000E+00	1.554000E+00
1.000000E-03	1.554000E+00
2.000000E-03	1.554000E+00
3.000000E-03	1.554000E+00
4.000000E-03	1.554000E+00
5.000000E-03	1.554000E+00
6.000000E-03	1.554000E+00
7.000000E-03	1.554000E+00
8.000000E-03	1.554000E+00
9.000000E-03	1.554000E+00
1.000000E-02	1.554000E+00
1.100000E-02	1.554000E+00
1.200000E-02	1.554000E+00
1.300000E-02	1.554000E+00
1.400000E-02	1.554000E+00
1.500000E-02	1.554000E+00
1.600000E-02	1.554000E+00
1.700000E-02	1.554000E+00
1.800000E-02	1.554000E+00
1.900000E-02	1.554000E+00
2.000000E-02	1.554000E+00
2.100000E-02	1.554000E+00
2.200000E-02	1.554000E+00
2.300000E-02	1.554000E+00
2.400000E-02	1.554000E+00
2.500000E-02	1.554000E+00
2.600000E-02	1.554000E+00
2.700000E-02	1.554000E+00
2.800000E-02	1.554000E+00
2.900000E-02	1.554000E+00
3.000000E-02	1.554000E+00
3.100000E-02	1.554000E+00
3.200000E-02	1.554000E+00
3.300000E-02	1.554000E+00
3.400000E-02	1.554000E+00
3.500000E-02	1.554000E+00
3.600000E-02	1.554000E+00
3.700000E-02	1.554000E+00
3.800000E-02	1.554000E+00
3.900000E-02	1.554000E+00
4.000000E-02	1.554000E+00
4.100000E-02	1.554000E+00
4.200000E-02	1.554000E+00
4.300000E-02	1.554000E+00
4.400000E-02	1.554000E+00
4.500000E-02	1.554000E+00
4.600000E-02	1.554000E+00
4.700000E-02	1.554000E+00
4.800000E-02	1.554000E+00
4.900000E-02	1.554000E+00
5.000000E-02	1.554000E+00
5.100000E-02	1.554000E+00
5.200000E-02	1.554000E+00
5.300000E-02	1.554000E+00
5.400000E-02	1.554000E+00
5.500000E-02	1.554000E+00
5.600000E-02	1.554000E+00
5.700000E-02	1.554000E+00
5.800000E-02	1.554000E+00
5.900000E-02	1.554000E+00
6.000000E-02	1.554000E+00
6.100000E-02	1.554000E+00
6.200000E-02	1.554000E+00
6.300000E-02	1.554000E+00
6.400000E-02	1.554000E+00
6.500000E-02	1.554000E+00
6.600000E-02	1.554000E+00
6.700000E-02	1.554000E+00
6.800000E-02	1.554000E+00
6.900000E-02	1.554000E+00
7.000000E-02	1.554000E+00
7.100000E-02	1.554000E+00
7.200000E-02	1.554000E+00
7.300000E-02	1.554000E+00
7.400000E-02	1.554000E+00
7.500000E-02	1.554000E+00
7.600000E-02	1.554000E+00
7.700000E-02	1.554000E+00
7.800000E-02	1.554000E+00
7.900000E-02	1.554000E+00
8.000000E-02	1.554000E+00
8.100000E-02	1.554000E+00
8.200000E-02	1.554000E+00
8.300000E-02	1.554000E+00
8.400000E-02	1.554000E+00
8.500000E-02	1.554000E+00
8.600000E-02	1.554000E+00
8.700000E-02	1.554000E+00
8.800000E-02	1.554000E+00
8.900000E-02	1.554000E+00
9.000000E-02	1.554000E+00
9.100000E-02	1.554000E+00
9.200000E-02	1.554000E+00
9.300000E-02	1.554000E+00
9.400000E-02	1.554000E+00
9.500000E-02	1.554000E+00
9.600000E-02	1.554000E+00
9.700000E-02	1.554000E+00
9.800000E-02	1.554000E+00
9.900000E-02	1.554000E+00
1.000000E-01	1.554000E+00
1.010000E-01	1.554000E+00
1.020000E-01	1.554000E+00
1.030000E-01	1.554000E+00
1.040000E-01	1.554000E+00
1.050000E-01	1.554000E+00
1.060000E-01	1.554000E+00
1.070000E-01	1.554000E+00
1.080000E-01	1.554000E+00
1.090000E-01	1.554000E+00
1.100000E-01	1.554000E+00
1.110000E-01	1.554000E+00
1.120000E-01	1.554000E+00
1.130000E-01	1.554000E+00
1.140000E-01	1.554000E+00
1.150000E-01	1.554000E+00
1.160000E-01	1.554000E+00
1.170000E-01	1.554000E+00
1.180000E-01	1.554000E+00
1.190000E-01	1.554000E+00
1.200000E-01	1.554000E+00
1.210000E-01	1.554000E+00
1.220000E-01	1.554000E+00
1.230000E-01	1.554000E+00
1.240000E-01	1.554000E+00
1.250000E-01	1.554000E+00
1.260000E-01	1.554000E+00
1.270000E-01	1.554000E+00
1.280000E-01	1.554000E+00
1.290000E-01	1.554000E+00
1.300000E-01	1.554000E+00
1.310000E-01	1.554000E+00
1.320000E-01	1.554000E+00
1.330000E-01	1.554000E+00
1.340000E-01	1.554000E+00
1.350000E-01	1.554000E+00
1.360000E-01	1.554000E+00
1.370000E-01	1.554000E+00
1.380000E-01	1.554000E+00
1.390000E-01	1.554000E+00
1.400000E-01	1.554000E+00
1.410000E-01	1.554000E+00
1.420000E-01	1.554000E+00
1.430000E-01	1.554000E+00
1.440000E-01	1.554000E+00
1.450000E-01	1.554000E+00
1.460000E-01	1.554000E+00
1.470000E-01	1.554000E+00
1.480000E-01	1.554000E+00
1.490000E-01	1.554000E+00
1.500000E-01	1.554000E+00
1.510000E-01	1.554000E+00
1.520000E-01	1.554000E+00
1.530000E-01	1.554000E+00
1.540000E-01	1.554000E+00
1.550000E-01	1.554000E+00
1.560000E-01	1.554000E+00
1.570000E-01	1.554000E+00
1.580000E-01	1.554000E+00
1.590000E-01	1.554000E+00
1.600000E-01	1.554000E+00
1.610000E-01	1.554000E+00
1.620000E-01	1.554000E+00
1.630000E-01	1.554000E+00
1.640000E-01	1.554000E+00
1.650000E-01	1.554000E+00
1.660000E-01	1.554000E+00
1.670000E-01	1.554000E+00
1.680000E-01	1.554000E+00
1.690000E-01	1.554000E+00
1.700000E-01	1.554000E+00
1.710000E-01	1.554000E+00
1.720000E-01	1.554000E+00
1.730000E-01	1.554000E+00
1.740000E-01	1.554000E+00
1.750000E-01	1.554000E+00
1.760000E-01	1.554000E+00
1.770000E-01	1.554000E+00
1.780000E-01	1.554000E+00
1.790000E-01	1.554000E+00
1.800000E-01	1.554000E+00
1.810000E-01	1.554000E+00
1.820000E-01	1.554000E+00
1.830000E-01	1.554000E+00
1.840000E-01	1.554000E+00
1.850000E-01	1.554000E+00
1.860000E-01	1.554000E+00
1.870000E-01	1.554000E+00
1.880000E-01	1.554000E+00
1.890000E-01	1.554000E+00
1.900000E-01	1.554000E+00
1.910000E-01	1.554000E+00
1.920000E-01	1.554000E+00
1.930000E-01	1.554000E+00
1.940000E-01	1.554000E+00
1.950000E-01	1.554000E+00
1.960000E-01	1.554000E+00
1.970000E-01	1.554000E+00
1.980000E-01	1.554000E+00
1.990000E-01	1.554000E+00
2.000000E-01	1.554000E+00
2.010000E-01	1.554000E+00
2.020000E-01	1.554000E+00
2.030000E-01	1.554000E+00
2.040000E-01	1.554000E+00
2.050000E-01	1.554000E+00
2.060000E-01	1.554000E+00
2.070000E-01	1.554000E+00
2.080000E-01	1.554000E+00
2.090000E-01	1.554000E+00
2.100000E-01	1.554000E+00
2.110000E-01	1.554000E+00
2.120000E-01	1.554000E+00
2.130000E-01	1.554000E+00
2.140000E-01	1.554000E+00
2.150000E-01	1.554000E+00
2.160000E-01	1.554000E+00
2.170000E-01	1.554000E+00
2.180000E-01	1.554000E+00
2.190000E-01	1.554000E+00
2.200000E-01	1.554000E+00
2.210000E-01	1.554000E+00
2.220000E-01	1.554000E+00
2.230000E-01	1.554000E+00
2.240000E-01	1.554000E+00
2.250000E-01	1.554000E+00
2.260000E-01	1.554000E+00
2.270000E-01	1.554000E+00
2.280000E-01	1.554000E+00
2.290000E-01	1.554000E+00
2.300000E-01	1.554000E+00
2.310000E-01	1.554000E+00
2.320000E-01	1.554000E+00
2.330000E-01	1.554000E+00
2.340000E-01	1.554000E+00
2.350000E-01	1.554000E+00
2.360000E-01	1.554000E+00
2.370000E-01	1.554000E+00
2.380000E-01	1.554000E+00
2.390000E-01	1.554000E+00
2.400000E-01	1.554000E+00
2.410000E-01	1.554000E+00
2.420000E-01	1.554000E+00
2.430000E-01	1.554000E+00
2.440000E-01	1.554000E+00
2.450000E-01	1.554000E+00
2.460000E-01	1.554000E+00
2.470000E-01	1.554000E+00
2.480000E-01	1.554000E+00
2.490000E-01	1.554000E+00
2.500000E-01	1.554000E+00
2.510000E-01	1.554000E+00
2.520000E-01	1.554000E+00
2.530000E-01	1.554000E+00
2.540000E-01	1.554000E+00
2.550000E-01	1.554000E+00
2.560000E-01	1.554000E+00
2.570000E-01	1.554000E+00
2.580000E-01	1.554000E+00
2.590000E-01	1.554000E+00
2.600000E-01	1.554000E+00
2.610000E-01	1.554000E+00
2.620000E-01	1.554000E+00
2.630000E-01	1.554000E+00
2.640000E-01	1.554000E+00
2.650000E-01	1.554000E+00
2.660000E-01	1.554000E+00
2.670000E-01	1.554000E+00
2.680000E-01	1.554000E+00
2.690000E-01	1.554000E+00
2.700000E-01	1.554000E+00
2.710000E-01	1.554000E+00
2.720000E-01	1.554000E+00
2.730000E-01	1.554000E+00
2.740000E-01	1.554000E+00
2.750000E-01	1.554000E+00
2.760000E-01	1.554000E+00
2.770000E-01	1.554000E+00
2.780000E-01	1.554000E+00
2.790000E-01	1.554000E+00
2.800000E-01	1.554000E+00
2.810000E-01	1.554000E+00
2.820000E-01	1.554000E+00
2.830000E-01	1.554000E+00
2.840000E-01	1.554000E+00
2.850000E-01	1.554000E+00
2.860000E-01	1.554000E+00
2.870000E-01	1.554000E+00
2.880000E-01	1.554000E+00
2.890000E-01	1.554000E+00
2.900000E-01	1.554000E+00
2.910000E-01	1.554000E+00
2.920000E-01	1.554000E+00
2.930000E-01	1.554000E+00
2.940000E-01	1.554000E+00
2.950000E-01	1.554000E+00
2.960000E-01	1.554000E+00
2.970000E-01	1.554000E+00
2.980000E-01	1.554000E+00
2.990000E-01	1.554000E+00
3.000000E-01	1.554000E+00
3.010000E-01	1.554000E+00
3.020000E-01	1.554000E+00
3.030000E-01	1.554000E+00
3.040000E-01	1.554000E+00
3.050000E-01	1.554000E+00
3.060000E-01	1.554000E+00
3.070000E-01	1.554000E+00
3.080000E-01	1.554000E+00
3.090000E-01	1.554000E+00
3.100000E-01	1.554000E+00
3.110000E-01	1.554000E+00
3.120000E-01	1.554000E+00
3.130000E-01	1.554000E+00
3.140000E-01	1.554000E+00
3.150000E-01	1.554000E+00
3.160000E-01	1.554000E+00
3.170000E-01	1.554000E+00
3.180000E-01	1.554000E+00
3.190000E-01	1.554000E+00
3.200000E-01	1.554000E+00
3.210000E-01	1.554000E+00
3.220000E-01	1.554000E+00
3.230000E-01	1.554000E+00
3.240000E-01	1.554000E+00
3.250000E-01	1.554000E+00
3.260000E-01	1.554000E+00
3.270000E-01	1.554000E+00
3.280000E-01	1.554000E+00
3.290000E-01	1.554000E+00
3.300000E-01	1.554000E+00
3.310000E-01	1.554000E+00
3.320000E-01	1.554000E+00
3.330000E-01	1.554000E+00
3.340000E-01	1.554000E+00
3.350000E-01	1.554000E+00
3.360000E-01	1.554000E+00
3.370000E-01	1.554000E+00
3.380000E-01	1.554000E+00
3.390000E-01	1.554000E+00
3.400000E-01	1.554000E+00
3.410000E-01	1.554000E+00
3.420000E-01	1.554000E+00
3.430000E-01	1.554000E+00
3.440000E-01	1.554000E+00
3.450000E-01	1.554000E+00
3.460000E-01	1.554000E+00
3.470000E-01	1.554000E+00
3.480000E-01	1.554000E+00
3.490000E-01	1.554000E+00
3.500000E-01	1.554000E+00
3.510000E-01	1.554000E+00
3.520000E-01	1.554000E+00
3.530000E-01	1.554000E+00
3.540000E-01	1.554000E+00
3.550000E-01	1.554000E+00
3.560000E-01	1.554000E+00
3.570000E-01	1.554000E+00
3.580000E-01	1.554000E+00
3.590000E-01	1.554000E+00
3.600000E-01	1.554000E+00
3.610000E-01	1.554000E+00
3.620000E-01	1.554000E+00
3.630000E-01	1.554000E+00
3.640000E-01	1.554000E+00
3.650000E-01	1.554000E+00
3.660000E-01	1.554000E+00
3.670000E-01	1.554000E+00
3.680000E-01	1.554000E+00
3.690000E-01	1.554000E+00
3.700000E-01	1.554000E+00
3.710000E-01	1.554000E+00
3.720000E-01	1.554000E+00
3.730000E-01	1.554000E+00
3.740000E-01	1.554000E+00
3.750000E-01	1.554000E+00
3.760000E-01	1.554000E+00
3.770000E-01	1.554000E+00
3.780000E-01	1.554000E+00
3.790000E-01	1.554000E+00
3.800000E-01	1.554000E+00
3.810000E-01	1.554000E+00
3.820000E-01	1.554000E+00
3.830000E-01	1.554000E+00
3.840000E-01	1.554000E+00
3.850000E-01	1.554000E+00
3.860000E-01	1.554000E+00
3.870000E-01	1.554000E+00
3.880000E-01	1.554000E+00
3.890000E-01	1.554000E+00
3.900000E-01	1.554000E+00
3.910000E-01	1.554000E+00
3.920000E-01	1.554000E+00
3.930000E-01	1.554000E+00
3.940000E-01	1.554000E+00
3.950000E-01	1.554000E+00
3.960000E-01	1.554000E+00
3.970000E-01	1.554000E+00
3.980000E-01	1.554000E+00
3.990000E-01	1.554000E+00
4.000000E-01	1.554000E+00
4.010000E-01	1.554000E+00
4.020000E-01	1.554000E+00
4.030000E-01	1.554000E+00
4.040000E-01	1.554000E+00
4.050000E-01	1.554000E+00
4.060000E-01	1.554000E+00
4.070000E-01	1.554000E+00
4.080000E-01	1.554000E+00
4.090000E-01	1.554000E+00
4.100000E-01	1.554000E+00
4.110000E-01	1.554000E+00
4.120000E-01	1.554000E+00
4.130000E-01	1.554000E+00
4.140000E-01	1.554000E+00
4.150000E-01	1.554000E+00
4.160000E-01	1.554000E+00
4.170000E-01	1.554000E+00
4.180000E-01	1.554000E+00
4.190000E-01	1.554000E+00
4.200000E-01	1.554000E+00
4.210000E-01	1.554000E+00
4.220000E-01	1.554000E+00
4.230000E-01	1.554000E+00
4.240000E-01	1.554000E+00
4.250000E-01	1.554000E+00
4.260000E-01	1.554000E+00
4.270000E-01	1.554000E+00
4.280000E-01	1.554000E+00
4.290000E-01	1.554000E+00
4.300000E-01	1.554000E+00
4.310000E-01	1.554000E+00
4.320000E-01	1.554000E+00
4.330000E-01	1.554000E+00
4.340000E-01	1.554000E+00
4.350000E-01	1.554000E+00
4.360000E-01	1.554000E+00
4.370000E-01	1.554000E+00
4.380000E-01	1.554000E+00
4.390000E-01	1.554000E+00
4.400000E-01	1.554000E+00
4.410000E-01	1.554000E+00
4.420000E-01	1.554000E+00
4.430000E-01	1.554000E+00
4.440000E-01	1.554000E+00
4.450000E-01	1.554000E+00
4.460000E-01	1.554000E+00
4.470000E-01	1.554000E+00
4.480000E-01	1.554000E+00
4.490000E-01	1.554000E+00
4.500000E-01	1.554000E+00
4.510000E-01	1.554000E+00
4.520000E-01	1.554000E+00
4.530000E-01	1.554000E+00
4.540000E-01	1.554000E+00
4.550000E-01	1.554000E+00
4.560000E-01	1.554000E+00
4.570000E-01	1.554000E+00
4.580000E-01	1.554000E+00
4.590000E-01	1.554000E+00
4.600000E-01	1.554000E+00
4.610000E-01	1.554000E+00
4.620000E-01	1.554000E+00
4.630000E-01	1.554000E+00
4.640000E-01	1.554000E+00
4.650000E-01	1.554000E+00
4.660000E-01	1.554000E+00
4.670000E-01	1.554000E+00
4.680000E-01	1.554000E+00
4.690000E-01	1.554000E+00
4.700000E-01	1.554000E+00
4.710000E-01	1.554000E+00
4.720000E-01	1.554000E+00
4.730000E-01	1.554000E+00
4.740000E-01	1.554000E+00
4.750000E-01	1.554000E+00
4.760000E-01	1.554000E+00
4.770000E-01	1.554000E+00
4.780000E-01	1.554000E+00
4.790000E-01	1.554000E+00
4.800000E-01	1.554000E+00
4.810000E-01	1.554000E+00
4.820000E-01	1.554000E+00
4.830000E-01	1.554000E+00
4.840000E-01	1.554000E+00
4.850000E-01	1.554000E+00
4.860000E-01	1.554000E+00
4.870000E-01	1.554000E+00
4.880000E-01	1.554000E+00
4.890000E-01	1.554000E+00
4.900000E-01	1.554000E+00
4.910000E-01	1.554000E+00
4.920000E-01	1.554000E+00
4.930000E-01	1.554000E+00
4.940000E-01	1.554000E+00
4.950000E-01	1.554000E+00
4.960000E-01	1.554000E+00
4.970000E-01	1.554000E+00
4.980000E-01	1.554000E+00
4.990000E-01	1.554000E+00
5.000000E-01	1.554000E+00
5.010000E-01	1.554000E+00
5.020000E-01	1.554000E+00
5.030000E-01	1.554000E+00
5.040000E-01	1.554000E+00
5.050000E-01	1.554000E+00
5.060000E-01	1.554000E+00
5.070000E-01	1.554000E+00
5.080000E-01	1.554000E+00
5.090000E-01	1.554000E+00
5.100000E-01	1.554000E+00
5.110000E-01	1.554000E+00
5.120000E-01	1.554000E+00
5.130000E-01	1.554000E+00
5.140000E-01	1.554000E+00
5.150000E-01	1.554000E+00
5.160000E-01	1.554000E+00
5.170000E-01	1.554000E+00
5.180000E-01	1.554000E+00
5.190000E-01	1.554000E+00
5.200000E-01	1.554000E+00
5.210000E-01	1.554000E+00
5.220000E-01	1.554000E+00
5.230000E-01	1.554000E+00
5.240000E-01	1.554000E+00
5.250000E-01	1.554000E+00
5.260000E-01	1.554000E+00
5.270000E-01	1.554000E+00
5.280000E-01	1.554000E+00
5.290000E-01	1.554000E+00
5.300000E-01	1.554000E+00
5.310000E-01	1.554000E+00
5.320000E-01	1.554000E+00
5.330000E-01	1.554000E+00
5.340000E-01	1.554000E+00
5.350000E-01	1.554000E+00
5.360000E-01	1.554000E+00
5.370000E-01	1.554000E+00
5.380000E-01	1.554000E+00
5.390000E-01	1.554000E+00
5.400000E-01	1.554000E+00
5.410000E-01	1.554000E+00
5.420000E-01	1.554000E+00
5.430000E-01	1.554000E+00
5.440000E-01	1.554000E+00
5.450000E-01	1.554000E+00
5.460000E-01	1.554000E+00
5.470000E-01	1.554000E+00
5.480000E-01	1.554000E+00
5.490000E-01	1.554000E+00
5.500000E-01	1.554000E+00
5.510000E-01	1.554000E+00
5.520000E-01	1.554000E+00
5.530000E-01	1.554000E+00
5.540000E-01	1.554000E+00
5.550000E-01	1.554000E+00
5.560000E-01	1.554000E+00
5.570000E-01	1.554000E+00
5.580000E-01	1.554000E+00
5.590000E-01	1.554000E+00
5.600000E-01	1.554000E+00
5.610000E-01	1.554000E+00
5.620000E-01	1.554000E+00
5.630000E-01	1.554000E+00
5.640000E-01	1.554000E+00
5.650000E-01	1.554000E+00
5.660000E-01	1.554000E+00
5.670000E-01	1.554000E+00
5.680000E-01	1.554000E+00
5.690000E-01	1.554000E+00
5.700000E-01	1.554000E+00
5.710000E-01	1.554000E+00
5.720000E-01	1.554000E+00
5.730000E-01	1.554000E+00
5.740000E-01	1.554000E+00
5.750000E-01	1.554000E+00
5.760000E-01	1.554000E+00
5.770000E-01	1.554000E+00
5.780000E-01	1.554000E+00
5.790000E-01	1.554000E+00
5.800000E-01	1.554000E+00
5.810000E-01	1.554000E+00
5.820000E-01	1.554000E+00
5.830000E-01	1.554000E+00
5.840000E-01	1.554000E+00
5.850000E-01	1.554000E+00
5.860000E-01	1.554000E+00
5.870000E-01	1.554000E+00
5.880000E-01	1.554000E+00
5.890000E-01	1.554000E+00
5.900000E-01	1.554000E+00
5.910000E-01	1.554000E+00
5.920000E-01	1.554000E+00
5.930000E-01	1.554000E+00
5.940000E-01	1.554000E+00
5.950000E-01	1.554000E+00
5.960000E-01	1.554000E+00
5.970000E-01	1.554000E+00
5.980000E-01	1.554000E+00
5.990000E-01	1.554000E+00
6.000000E-01	1.554000E+00
6.010000E-01	1.554000E+00
6.020000E-01	1.554000E+00
6.030000E-01	1.554000E+00
6.040000E-01	1.554000E+00
6.050000E-01	1.554000E+00
6.060000E-01	1.554000E+00
6.070000E-01	1.554000E+00
6.080000E-01	1.554000E+00
6.090000E-01	1.554000E+00
6.100000E-01	1.554000E+00
6.110000E-01	1.554000E+00
6.120000E-01	1.554000E+00
6.130000E-01	1.554000E+00
6.140000E-01	1.554000E+00
6.150000E-01	1.554000E+00
6.160000E-01	1.554000E+00
6.170000E-01	1.554000E+00
6.180000E-01	1.554000E+00
6.190000E-01	1.554000E+00
6.200000E-01	1.554000E+00
6.210000E-01	1.554000E+00
6.220000E-01	1.554000E+00
6.230000E-01	1.554000E+00
6.240000E-01	1.554000E+00
6.250000E-01	1.554000E+00
6.260000E-01	1.554000E+00
6.270000E-01	1.554000E+00
6.280000E-01	1.554000E+00
6.290000E-01	1.554000E+00
6.300000E-01	1.554000E+00
6.310000E-01	1.554000E+00
6.320000E-01	1.554000E+00
6.330000E-01	1.554000E+00
6.340000E-01	1.554000E+00
6.350000E-01	1.554000E+00
6.360000E-01	1.554000E+00
6.370000E-01	1.554000E+00
6.380000E-01	1.554000E+00
6.390000E-01	1.554000E+00
6.400000E-01	1.554000E+00
6.410000E-01	1.554000E+00
6.420000E-01	1.554000E+00
6.430000E-01	1.554000E+00
6.440000E-01	1.554000E+00
6.450000E-01	1.554000E+00
6.460000E-01	1.554000E+00
6.470000E-01	1.554000E+00
6.480000E-01	1.554000E+00
6.490000E-01	1.554000E+00
6.500000E-01	1.554000E+00
6.510000E-01	1.554000E+00
6.520000E-01	1.554000E+00
6.530000E-01	1.554000E+00
6.540000E-01	1.554000E+00
6.550000E-01	1.554000E+00
6.560000E-01	1.554000E+00
6.570000E-01	1.554000E+00
6.580000E-01	1.554000E+00
6.590000E-01	1.554000E+00
6.600000E-01	1.554000E+00
6.610000E-01	1.554000E+00
6.620000E-01	1.554000E+00
6.630000E-01	1.554000E+00
6.640000E-01	1.554000E+00
6.650000E-01	1.554000E+00
6.660000E-01	1.554000E+00
6.670000E-01	1.554000E+00
6.680000E-01	1.554000E+00
6.690000E-01	1.554000E+00
6.700000E-01	1.554000E+00
6.710000E-01	1.554000E+00
6.720000E-01	1.554000E+00
6.730000E-01	1.554000E+00
6.740000E-01	1.554000E+00
6.750000E-01	1.554000E+00
6.760000E-01	1.554000E+00
6.770000E-01	1.554000E+00
6.780000E-01	1.554000E+00
6.790000E-01	1.554000E+00
6.800000E-01	1.554000E+00
6.810000E-01	1.554000E+00
6.820000E-01	1.554000E+00
6.830000E-01	1.554000E+00
6.840000E-01	1.554000E+00
6.850000E-01	1.554000E+00
6.860000E-01	1.554000E+00
6.870000E-01	1.554000E+00
6.880000E-01	1.554000E+00
6.890000E-01	1.554000E+00
6.900000E-01	1.554000E+00
6.910000E-01	1.554000E+00
6.920000E-01	1.554000E+00
6.930000E-01	1.554000E+00
6.940000E-01	1.554000E+00
6.950000E-01	1.554000E+00
6.960000E-01	1.554000E+00
6.970000E-01	1.554000E+00
6.980000E-01	1.554000E+00
6.990000E-01	1.554000E+00
7.000000E-01	1.554000E+00
7.010000E-01	1.554000E+00
7.020000E-01	1.554000E+00
7.030000E-01	1.554000E+00
7.040000E-01	1.554000E+00
7.050000E-01	1.554000E+00
7.060000E-01	1.554000E+00
7.070000E-01	1.554000E+00
7.080000E-01	1.554000E+00
7.090000E-01	1.554000E+00
7.100000E-01	1.554000E+00
7.110000E-01	1.554000E+00
7.120000E-01	1.554000E+00
7.130000E-01	1.554000E+00
7.140000E-01	1.554000E+00
7.150000E-01	1.554000E+00
7.160000E-01	1.554000E+00
7.170000E-01	1.554000E+00
7.180000E-01	1.554000E+00
7.190000E-01	1.554000E+00
7.200000E-01	1.554000E+00
7.210000E-01	1.554000E+00
7.220000E-01	1.554000E+00
7.230000E-01	1.554000E+00
7.240000E-01	1.554000E+00
7.250000E-01	1.554000E+00
7.260000E-01	1.554000E+00
7.270000E-01	1.554000E+00
7.280000E-01	1.554000E+00
7.290000E-01	1.554000E+00
7.300000E-01	1.554000E+00
7.310000E-01	1.554000E+00
7.320000E-01	1.554000E+00
7.330000E-01	1.554000E+00
7.340000E-01	1.554000E+00
7.350000E-01	1.554000E+00
7.360000E-01	1.554000E+00
7.370000E-01	1.554000E+00
7.380000E-01	1.554000E+00
7.390000E-01	1.554000E+00
7.400000E-01	1.554000E+00
7.410000E-01	1.554000E+00
7.420000E-01	1.554000E+00
7.430000E-01	1.554000E+00
7.440000E-01	1.554000E+00
7.450000E-01	1.554000E+00
7.460000E-01	1.554000E+00
7.470000E-01	1.554000E+00
7.480000E-01	1.554000E+00
7.490000E-01	1.554000E+00
7.500000E-01	1.554000E+00
7.510000E-01	1.554000E+00
7.520000E-01	1.554000E+00
7.530000E-01	1.554000E+00
7.540000E-01	1.554000E+00
7.550000E-01	1.554000E+00
7.560000E-01	1.554000E+00
7.570000E-01	1.554000E+00
7.580000E-01	1.554000E+00
7.590000E-01	1.554000E+00
7.600000E-01	1.554000E+00
7.610000E-01	1.554000E+00
7.620000E-01	1.554000E+00
7.630000E-01	1.554000E+00
7.640000E-01	1.554000E+00
7.650000E-01	1.554000E+00
7.660000E-01	1.554000E+00
7.670000E-01	1.554000E+00
7.680000E-01	1.554000E+00
7.690000E-01	1.554000E+00
7.700000E-01	1.554000E+00
7.710000E-01	1.554000E+00
7.720000E-01	1.554000E+00
7.730000E-01	1.554000E+00
7.740000E-01	1.554000E+00
7.750000E-01	1.554000E+00
7.760000E-01	1.554000E+00
7.770000E-01	1.554000E+00
7.780000E-01	1.554000E+00
7.790000E-01	1.554000E+00
7.800000E-01	1.554000E+00
7.810000E-01	1.554000E+00
7.820000E-01	1.554000E+00
7.830000E-01	1.554000E+00
7.840000E-01	1.554000E+00
7.850000E-01	1.554000E+00
7.860000E-01	1.554000E+00
7.870000E-01	1.554000E+00
7.880000E-01	1.554000E+00
7.890000E-01	1.554000E+00
7.900000E-01	1.554000E+00
7.910000E-01	1.554000E+00
7.920000E-01	1.554000E+00
7.930000E-01	1.554000E+00
7.940000E-01	1.554000E+00
7.950000E-01	1.554000E+00
7.960000E-01	1.554000E+00
7.970000E-01	1.554000E+00
7.980000E-01	1.554000E+00
7.990000E-01	1.554000E+00
8.000000E-01	1.554000E+00
8.010000E-01	1.554000E+00
8.020000E-01	1.554000E+00
8.030000E-01	1.554000E+00
8.040000E-01	1.554000E+00
8.050000E-01	1.554000E+00
8.060000E-01	1.554000E+00
8.070000E-01	1.554000E+00
8.080000E-01	1.554000E+00
8.090000E-01	1.554000E+00
8.100000E-01	1.554000E+00
8.110000E-01	1.554000E+00
8.120000E-01	1.554000E+00
8.130000E-01	1.554000E+00
8.140000E-01	1.554000E+00
8.150000E-01	1.554000E+00
8.160000E-01	1.554000E+00
8.170000E-01	1.554000E+00
8.180000E-01	1.554000E+00
8.190000E-01	1.554000E+00
8.200000E-01	1.554000E+00
8.210000E-01	1.554000E+00
8.220000E-01	1.554000E+00
8.230000E-01	1.554000E+00
8.240000E-01	1.554000E+00
8.250000E-01	1.554000E+00
8.260000E-01	1.554000E+00
8.270000E-01	1.554000E+00
8.280000E-01	1.554000E+00
8.290000E-01	1.554000E+00
8.300000E-01	1.554000E+00
8.310000E-01	1.554000E+00
8.320000E-01	1.554000E+00
8.330000E-01	1.554000E+00
8.340000E-01	1.554000E+00
8.350000E-01	1.554000E+00
8.360000E-01	1.554000E+00
8.370000E-01	1.554000E+00
8.380000E-01	1.554000E+00
8.390000E-01	1.554000E+00
8.400000E-01	1.554000E+00
8.410000E-01	1.554000E+00
8.420000E-01	1.554000E+00
8.430000E-01	1.554000E+00
8.440000E-01	1.554000E+00
8.450000E-01	1.554000E+00
8.460000E-01	1.554000E+00
8.470000E-01	1.554000E+00
8.480000E-01	1.554000E+00
8.490000E-01	1.554000E+00
8.500000E-01	1.554000E+00
8.510000E-01	1.554000E+00
8.520000E-01	1.554000E+00
8.530000E-01	1.554000E+00
8.540000E-01	1.554000E+00
8.550000E-01	1.554000E+00
8.560000E-01	1.554000E+00
8.570000E-01	1.554000E+00
8.580000E-01	1.554000E+00
8.590000E-01	1.554000E+00
8.600000E-01	1.554000E+00
8.610000E-01	1.554000E+00
8.620000E-01	1.554000E+00
8.630000E-01	1.554000E+00
8.640000E-01	1.554000E+00
8.650000E-01	1.554000E+00
8.660000E-01	1.554000E+00
8.670000E-01	1.554000E+00
8.680000E-01	1.554000E+00
8.690000E-01	1.554000E+00
8.700000E-01	1.554000E+00
8.710000E-01	1.554000E+00
8.720000E-01	1.554000E+00
8.730000E-01	1.554000E+00
8.740000E-01	1.554000E+00
8.750000E-01	1.554000E+00
8.760000E-01	1.554000E+00
8.770000E-01	1.554000E+00
8.780000E-01	1.554000E+00
8.790000E-01	1.554000E+00
8.800000E-01	1.554000E+00
8.810000E-01	1.554000E+00
8.820000E-01	1.554000E+00
8.830000E-01	1.554000E+00
8.840000E-01	1.554000E+00
8.850000E-01	1.554000E+00
8.860000E-01	1.554000E+00
8.870000E-01	1.554000E+00
8.880000E-01	1.554000E+00
8.890000E-01	1.554000E+00
8.900000E-01	1.554000E+00
8.910000E-01	1.554000E+00
8.920000E-01	1.554000E+00
8.930000E-01	1.554000E+00
8.940000E-01	1.554000E+00
8.950000E-01	1.554000E+00
8.960000E-01	1.554000E+00
8.970000E-01	1.554000E+00
8.980000E-01	1.554000E+00
8.990000E-01	1.554000E+00
9.000000E-01	1.554000E+00
9.010000E-01	1.554000E+00
9.020000E-01	1.554000E+00
9.030000E-01	1.554000E+00
9.040000E-01	1.554000E+00
9.050000E-01	1.554000E+00
9.060000E-01	1.554000E+00
9.070000E-01	1.554000E+00
9.080000E-01	1.554000E+00
9.090000E-01	1.554000E+00
9.100000E-01	1.554000E+00
9.110000E-01	1.554000E+00
9.120000E-01	1.554000E+00
9.130000E-01	1.554000E+00
9.140000E-01	1.554000E+00
9.150000E-01	1.554000E+00
9.160000E-01	1.554000E+00
9.170000E-01	1.554000E+00
9.180000E-01	1.554000E+00
9.190000E-01	1.554000E+00
9.200000E-01	1.554000E+00
9.210000E-01	1.554000E+00
9.220000E-01	1.554000E+00
9.230000E-01	1.554000E+00
9.240000E-01	1.554000E+00
9.250000E-01	1.554000E+00
9.260000E-01	1.554000E+00
9.270000E-01	1.554000E+00
9.280000E-01	1.554000E+00
9.290000E-01	1.554000E+00
9.300000E-01	1.554000E+00
9.310000E-01	1.554000E+00
9.320000E-01	1.554000E+00
9.330000E-01	1.554000E+00
9.340000E-01	1.554000E+00
9.350000E-01	1.554000E+00
9.360000E-01	1.554000E+00
9.370000E-01	1.554000E+00
9.380000E-01	1.554000E+00
9.390000E-01	1.554000E+00
9.400000E-01	1.554000E+00
9.410000E-01	1.554000E+00
9.420000E-01	1.554000E+00
9.430000E-01	1.554000E+00
9.440000E-01	1.554000E+00
9.450000E-01	1.554000E+00
9.460000E-01	1.554000E+00
9.470000E-01	1.554000E+00
9.480000E-01	1.554000E+00
9.490000E-01	1.554000E+00
9.500000E-01	1.554000E+00
9.510000E-01	1.554000E+00
9.520000E-01	1.554000E+00
9.530000E-01	1.554000E+00
9.540000E-01	1.554000E+00
9.550000E-01	1.554000E+00
9.560000E-01	1.554000E+00
9.570000E-01	1.554000E+00
9.580000E-01	1.554000E+00
9.590000E-01	1.554000E+00
9.600000E-01	1.554000E+00
9.610000E-01	1.554000E+00
9.620000E-01	1.554000E+00
9.630000E-01	1.554000E+00
9.640000E-01	1.554000E+00
9.650000E-01	1.554000E+00
9.660000E-01	1.554000E+00
9.670000E-01	1.554000E+00
9.680000E-01	1.554000E+00
9.690000E-01	1.554000E+00
9.700000E-01	1.554000E+00
9.710000E-01	1.554000E+00
9.720000E-01	1.554000E+00
9.730000E-01	1.554000E+00
9.740000E-01	1.554000E+00
9.750000E-01	1.554000E+00
9.760000E-01	1.554000E+00
9.770000E-01	1.554000E+00
9.780000E-01	1.554000E+00
9.790000E-01	1.554000E+00
9.800000E-01	1.554000E+00
9.810000E-01	1.554000E+00
9.820000E-01	1.554000E+00
9.830000E-01	1.554000E+00
9.840000E-01	1.554000E+00
9.850000E-01	1.554000E+00
9.860000E-01	1.554000E+00
9.870000E-01	1.554000E+00
9.880000E-01	1.554000E+00
9.890000E-01	1.554000E+00
9.900000E-01	1.554000E+00
9.910000E-01	1.554000E+00
9.920000E-01	1.554000E+00
9.930000E-01	1.554000E+00
9.940000E-01	1.554000E+00
9.950000E-01	1.554000E+00
9.960000E-01	1.554000E+00
9.970000E-01	1.554000E+00
9.980000E-01	1.554000E+00
9.990000E-01	1.554000E+00
1.000000E+00	1.554000E+00
1.001000E+00	1.554000E+00
1.002000E+00	1.554000E+00
1.003000E+00	1.554000E+00
1.004000E+00	1.554000E+00
1.005000E+00	1.554000E+00
1.006000E+00	1.554000E+00
1.007000E+00	1.554000E+00
1.008000E+00	1.554000E+00
1.009000E+00	1.554000E+00
1.010000E+00	1.554000E+00
1.011000E+00	1.554000E+00
1.012000E+00	1.554000E+00
1.013000E+00	1.554000E+00
1.014000E+00	1.554000E+00
1.015000E+00	1.554000E+00
1.016000E+00	1.554000E+00
1.017000E+00	1.554000E+00
1.018000E+00	1.554000E+00
1.019000E+00	1.554000E+00
1.020000E+00	1.554000E+00
1.021000E+00	1.554000E+00
1.022000E+00	1.554000E+00
1.023000E+00	1.554000E+00
1.024000E+00	1.554000E+00
1.025000E+00	1.554000E+00
1.026000E+00	1.554000E+00
1.027000E+00	1.554000E+00
1.028000E+00	1.554000E+00
1.029000E+00	1.554000E+00
1.030000E+00	1.554000E+00
1.031000E+00	1.554000E+00
1.032000E+00	1.554000E+00
1.033000E+00	1.554000E+00
1.034000E+00	1.554000E+00
1.035000E+00	1.554000E+00
1.036000E+00	1.554000E+00
1.037000E+00	1.554000E+00
1.038000E+00	1.554000E+00
1.039000E+00	1.554000E+00
1.040000E+00	1.554000E+00
1.041000E+00	1.554000E+00
1.042000E+00	1.554000E+00
1.043000E+00	1.554000E+00
1.044000E+00	1.554000E+00
1.045000E+00	1.554000E+00
1.046000E+00	1.554000E+00
1.047000E+00	1.554000E+00
1.048000E+00	1.554000E+00
1.049000E+00	1.554000E+00
1.050000E+00	1.554000E+00
1.051000E+00	1.554000E+00
1.052000E+00	1.554000E+00
1.053000E+00	1.554000E+00
1.054000E+00	1.554000E+00
1.055000E+00	1.554000E+00
1.056000E+00	1.554000E+00
1.057000E+00	1.554000E+00
1.058000E+00	1.554000E+00
1.059000E+00	1.554000E+00
1.060000E+00	1.554000E+00
1.061000E+00	1.554000E+00
1.062000E+00	1.554000E+00
1.063000E+00	1.554000E+00
1.064000E+00	1.554000E+00
1.065000E+00	1.554000E+00
1.066000E+00	1.554000E+00
1.067000E+00	1.554000E+00
1.068000E+00	1.554000E+00
1.069000E+00	1.554000E+00
1.070000E+00	1.554000E+00
1.071000E+00	1.554000E+00
1.072000E+00	1.554000E+00
1.073000E+00	1.554000E+00
1.074000E+00	1.554000E+00
1.075000E+00	1.554000E+00
1.076000E+00	1.554000E+00
1.077000E+00	1.554000E+00
1.078000E+00	1.554000E+00
1.079000E+00	1.554000E+00
1.080000E+00	1.554000E+00
1.081000E+00	1.554000E+00
1.082000E+00	1.554000E+00
1.083000E+00	1.554000E+00
1.084000E+00	1.554000E+00
1.085000E+00	1.554000E+00
1.086000E+00	1.554000E+00
1.087000E+00	1.554000E+00
1.088000E+00	1.554000E+00
1.089000E+00	1.554000E+00
1.090000E+00	1.554000E+00
1.091000E+00	1.554000E+00
1.092000E+00	1.554000E+00
1.093000E+00	1.554000E+00
1.094000E+00	1.554000E+00
1.095000E+00	1.554000E+00
1.096000E+00	1.554000E+00
1.097000E+00	1.554000E+00
1.098000E+00	1.554000E+00
1.099000E+00	1.554000E+00
1.100000E+00	1.554000E+00
1.101000E+00	1.554000E+00
1.102000E+00	1.554000E+00
1.103000E+00	1.554000E+00
1.104000E+00	1.554000E+00
1.105000E+00	1.554000E+00
1.106000E+00	1.554000E+00
1.107000E+00	1.554000E+00
1.108000E+00	1.554000E+00
1.109000E+00	1.554000E+00
1.110000E+00	1.554000E+00
1.111000E+00	1.554000E+00
1.112000E+00	1.554000E+00
1.113000E+00	1.554000E+00
1.114000E+00	1.554000E+00
1.115000E+00	1.554000E+00
1.116000E+00	1.554000E+00
1.117000E+00	1.554000E+00
1.118000E+00	1.554000E+00
1.119000E+00	1.554000E+00
1.120000E+00	1.554000E+00
1.121000E+00	1.554000E+00
1.122000E+00	1.554000E+00
1.123000E+00	1.554000E+00
1.124000E+00	1.554000E+00
1.125000E+00	1.554000E+00
1.126000E+00	1.554000E+00
1.127000E+00	1.554000E+00
1.128000E+00	1.554000E+00
1.129000E+00	1.554000E+00
1.130000E+00	1.554000E+00
1.131000E+00	1.554000E+00
1.132000E+00	1.554000E+00
1.133000E+00	1.554000E+00
1.134000E+00	1.554000E+00
1.135000E+00	1.554000E+00
1.136000E+00	1.554000E+00
1.137000E+00	1.554000E+00
1.138000E+00	1.554000E+00
1.139000E+00	1.554000E+00
1.140000E+00	1.554000E+00
1.141000E+00	1.554000E+00
1.142000E+00	1.554000E+00
1.143000E+00	1.554000E+00
1.144000E+00	1.554000E+00
1.145000E+00	1.554000E+00
1.146000E+00	1.554000E+00
1.147000E+00	1.554000E+00
1.148000E+00	1.554000E+00
1.149000E+00	1.554000E+00
1.150000E+00	1.554000E+00
1.151000E+00	1.554000E+00
1.152000E+00	1.554000E+00
1.153000E+00	1.554000E+00
1.154000E+00	1.554000E+00
1.155000E+00	1.554000E+00
1.156000E+00	1.554000E+00
1.157000E+00	1.554000E+00
1.158000E+00	1.554000E+00
1.159000E+00	1.554000E+00
1.160000E+00	1.554000E+00
1.161000E+00	1.554000E+00
1.162000E+00	1.554000E+00
1.163000E+00	1.554000E+00
1.164000E+00	1.554000E+00
1.165000E+00	1.554000E+00
1.166000E+00	1.554000E+00
1.167000E+00	1.554000E+00
1.168000E+00	1.554000E+00
1.169000E+00	1.554000E+00
1.170000E+00	1.554000E+00
1.171000E+00	1.554000E+00
1.172000E+00	1.554000E+00
1.173000E+00	1.554000E+00
1.174000E+00	1.554000E+00
1.175000E+00	1.554000E+00
1.176000E+00	1.554000E+00
1.177000E+00	1.554000E+00
1.178000E+00	1.554000E+00
1.179000E+00	1.554000E+00
1.180000E+00	1.554000E+00
1.181000E+00	1.554000E+00
1.182000E+00	1.554000E+00
1.183000E+00	1.554000E+00
1.184000E+00	1.554000E+00
1.185000E+00	1.554000E+00
1.186000E+00	1.554000E+00
1.187000E+00	1.554000E+00
1.188000E+00	1.554000E+00
1.189000E+00	1.554000E+00
1.190000E+00	1.554000E+00
1.191000E+00	1.554000E+00
1.192000E+00	1.554000E+00
1.193000E+00	1.554000E+00
1.194000E+00	1.554000E+00
1.195000E+00	1.554000E+00
1.196000E+00	1.554000E+00
1.197000E+00	1.554000E+00
1.198000E+00	1.554000E+00
1.199000E+00	1.554000E+00
1.200000E+00	1.554000E+00
1.201000E+00	1.554000E+00
1.202000E+00	1.554000E+00
1.203000E+00	1.554000E+00
1.204000E+00	1.554000E+00
1.205000E+00	1.554000E+00
1.206000E+00	1.554000E+00
1.207000E+00	1.554000E+00
1.208000E+00	1.554000E+00
1.209000E+00	1.554000E+00
1.210000E+00	1.554000E+00
1.211000E+00	1.554000E+00
1.212000E+00	1.554000E+00
1.213000E+00	1.554000E+00
1.214000E+00	1.554000E+00
1.215000E+00	1.554000E+00
1.216000E+00	1.554000E+00
1.217000E+00	1.554000E+00
1.218000E+00	1.554000E+00
1.219000E+00	1.554000E+00
1.220000E+00	1.554000E+00
1.221000E+00	1.554000E+00
1.222000E+00	1.554000E+00
1.223000E+00	1.554000E+00
1.224000E+00	1.554000E+00
1.225000E+00	1.554000E+00
1.226000E+00	1.554000E+00
1.227000E+00	1.554000E+00
1.228000E+00	1.554000E+00
1.229000E+00	1.554000E+00
1.230000E+00	1.554000E+00
1.231000E+00	1.554000E+00
1.232000E+00	1.554000E+00
1.233000E+00	1.554000E+00
1.234000E+00	1.554000E+00
1.235000E+00	1.554000E+00
1.236000E+00	1.554000E+00
1.237000E+00	1.554000E+00
1.238000E+00	1.554000E+00
1.239000E+00	1.554000E+00
1.240000E+00	1.554000E+00
1.241000E+00	1.554000E+00
1.242000E+00	1.554000E+00
1.243000E+00	1.554000E+00
1.244000E+00	1.554000E+00
1.245000E+00	1.554000E+00
1.246000E+00	1.554000E+00
1.247000E+00	1.554000E+00
1.248000E+00	1.554000E+00
1.249000E+00	1.554000E+00
1.250000E+00	1.554000E+00
1.251000E+00	1.554000E+00
1.252000E+00	1.554000E+00
1.253000E+00	1.554000E+00
1.254000E+00	1.554000E+00
1.255000E+00	1.554000E+00
1.256000E+00	1.554000E+00
1.257000E+00	1.554000E+00
1.258000E+00	1.554000E+00
1.259000E+00	1.554000E+00
1.260000E+00	1.554000E+00
1.261000E+00	1.554000E+00
1.262000E+00	1.554000E+00
1.263000E+00	1.554000E+00
1.264000E+00	1.554000E+00
1.265000E+00	1.554000E+00
1.266000E+00	1.554000E+00
1.267000E+00	1.554000E+00
1.268000E+00	1.554000E+00
1.269000E+00	1.554000E+00
1.270000E+00	1.554000E+00
1.271000E+00	1.554000E+00
1.272000E+00	1.554000E+00
1.273000E+00	1.554000E+00
1.274000E+00	1.554000E+00
1.275000E+00	1.554000E+00
1.276000E+00	1.554000E+00
1.277000E+00	1.554000E+00
1.278000E+00	1.554000E+00
1.279000E+00	1.554000E+00
1.280000E+00	1.554000E+00
1.281000E+00	1.554000E+00
1.282000E+00	1.554000E+00
1.283000E+00	1.554000E+00
1.284000E+00	1.554000E+00
1.285000E+00	1.554000E+00
1.286000E+00	1.554000E+00
1.287000E+00	1.554000E+00
1.288000E+00	1.554000E+00
1.289000E+00	1.554000E+00
1.290000E+00	1.554000E+00
1.291000E+00	1.554000E+00
1.292000E+00	1.554000E+00
1.293000E+00	1.554000E+00
1.294000E+00	1.554000E+00
1.295000E+00	1.554000E+00
1.296000E+00	1.554000E+00
1.297000E+00	1.554000E+00
1.298000E+00	1.554000E+00
1.299000E+00	1.554000E+00
1.300000E+00	1.554000E+00
1.301000E+00	1.554000E+00
1.302000E+00	1.554000E+00
1.303000E+00	1.554000E+00
1.304000E+00	1.554000E+00
1.305000E+00	1.554000E+00
1.306000E+00	1.554000E+00
1.307000E+00	1.554000E+00
1.308000E+00	1.554000E+00
1.309000E+00	1.554000E+00
1.310000E+00	1.554000E+00
1.311000E+00	1.554000E+00
1.312000E+00	1.554000E+00
1.313000E+00	1.554000E+00
1.314000E+00	1.554000E+00
1.315000E+00	1.554000E+00
1.316000E+00	1.554000E+00
1.317000E+00	1.554000E+00
1.318000E+00	1.554000E+00
1.319000E+00	1.554000E+00
1.320000E+00	1.554000E+00
1.321000E+00	1.554000E+00
1.322000E+00	1.554000E+00
1.323000E+00	1.554000E+00
1.324000E+00	1.554000E+00
1.325000E+00	1.554000E+00
1.326000E+00	1.554000E+00
1.327000E+00	1.554000E+00
1.328000E+00	1.554000E+00
1.329000E+00	1.554000E+00
1.330000E+00	1.554000E+00
1.331000E+00	1.554000E+00
1.332000E+00	1.554000E+00
1.333000E+00	1.554000E+00
1.334000E+00	1.554000E+00
1.335000E+00	1.554000E+00
1.336000E+00	1.554000E+00
1.337000E+00	1.554000E+00
1.338000E+00	1.554000E+00
1.339000E+00	1.554000E+00
1.340000E+00	1.554000E+00
1.341000E+00	1.554000E+00
1.342000E+00	1.554000E+00
1.343000E+00	1.554000E+00
1.344000E+00	1.554000E+00
1.345000E+00	1.554000E+00
1.346000E+00	1.554000E+00
1.347000E+00	1.554000E+00
1.348000E+00	1.554000E+00
1.349000E+00	1.554000E+00
1.350000E+00	1.554000E+00
1.351000E+00	1.554000E+00
1.352000E+00	1.554000E+00
1.353000E+00	1.554000E+00
1.354000E+00	1.554000E+00
1.355000E+00	1.554000E+00
1.356000E+00	1.554000E+00
1.357000E+00	1.554000E+00
1.358000E+00	1.554000E+00
1.359000E+00	1.554000E+00
1.360000E+00	1.554000E+00
1.361000E+00	1.554000E+00
1.362000E+00	1.554000E+00
1.363000E+00	1.554000E+00
1.364000E+00	1.554000E+00
1.365000E+00	1.554000E+00
1.366000E+00	1.554000E+00
1.367000E+00	1.554000E+00
1.368000E+00	1.554000E+00
1.369000E+00	1.554000E+00
1.370000E+00	1.554000E+00
1.371000E+00	1.554000E+00
1.372000E+00	1.554000E+00
1.373000E+00	1.554000E+00
1.374000E+00	1.554000E+00
1.375000E+00	1.554000E+00
1.376000E+00	1.554000E+00
1.377000E+00	1.554000E+00
1.378000E+00	1.554000E+00
1.379000E+00	1.554000E+00
1.380000E+00	1.554000E+00
1.381000E+00	1.554000E+00
1.382000E+00	1.554000E+00
1.383000E+00	1.554000E+00
1.384000E+00	1.554000E+00
1.385000E+00	1.554000E+00
1.386000E+00	1.554000E+00
1.387000E+00	1.554000E+00
1.388000E+00	1.554000E+00
1.389000E+00	1.554000E+00
1.390000E+00	1.554000E+00
1.391000E+00	1.554000E+00
1.392000E+00	1.554000E+00
1.393000E+00	1.554000E+00
1.394000E+00	1.554000E+00
1.395000E+00	1.554000E+00
1.396000E+00	1.554000E+00
1.397000E+00	1.554000E+00
1.398000E+00	1.554000E+00
1.399000E+00	1.554000E+00
1.400000E+00	1.554000E+00
1.401000E+00	1.554000E+00
1.402000E+00	1.554000E+00
1.403000E+00	1.554000E+00
1.404000E+00	1.554000E+00
1.405000E+00	1.554000E+00
1.406000E+00	1.554000E+00
1.407000E+00	1.554000E+00
1.408000E+00	1.554000E+00
1.409000E+00	1.554000E+00
1.410000E+00	1.554000E+00
1.411000E+00	1.554000E+00
1.412000E+00	1.554000E+00
1.413000E+00	1.554000E+00
1.414000E+00	1.554000E+00
1.415000E+00	1.554000E+00
1.416000E+00	1.554000E+00
1.417000E+00	1.554000E+00
1.418000E+00	1.554000E+00
1.419000E+00	1.554000E+00
1.420000E+00	1.554000E+00
1.421000E+00	1.554000E+00
1.422000E+00	1.554000E+00
1.423000E+00	1.554000E+00
1.424000E+00	1.554000E+00
1.425000E+00	1.554000E+00
1.426000E+00	1.554000E+00
1.427000E+00	1.554000E+00
1.428000E+00	1.554000E+00
1.429000E+00	1.554000E+00
1.430000E+00	1.554000E+00
1.431000E+00	1.554000E+00
1.432000E+00	1.554000E+00
1.433000E+00	1.554000E+00
1.434000E+00	1.554000E+00
1.435000E+00	1.554000E+00
1.436000E+00	1.554000E+00
1.437000E+00	1.554000E+00
1.438000E+00	1.554000E+00
1.439000E+00	1.554000E+00
1.440000E+00	1.554000E+00
1.441000E+00	1.554000E+00
1.442000E+00	1.554000E+00
1.443000E+00	1.554000E+00
1.444000E+00	1.554000E+00
1.445000E+00	1.554000E+00
1.446000E+00	1.554000E+00
1.447000E+00	1.554000E+00
1.448000E+00	1.554000E+00
1.449000E+00	1.554000E+00
1.450000E+00	1.554000E+00
1.451000E+00	1.554000E+00
1.452000E+00	1.554000E+00
1.453000E+00	1.554000E+00
1.454000E+00	1.554000E+00
1.455000E+00	1.554000E+00
1.456000E+00	1.554000E+00
1.457000E+00	1.554000E+00
1.458000E+00	1.554000E+00
1.459000E+00	1.554000E+00
1.460000E+00	1.554000E+00
1.461000E+00	1.554000E+00
1.462000E+00	1.554000E+00
1.463000E+00	1.554000E+00
1.464000E+00	1.554000E+00
1.465000E+00	1.554000E+00
1.466000E+00	1.554000E+00
1.467000E+00	1.554000E+00
1.468000E+00	1.554000E+00
1.469000E+00	1.554000E+00
1.470000E+00	1.554000E+00
1.471000E+00	1.554000E+00
1.472000E+00	1.554000E+00
1.473000E+00	1.554000E+00
1.474000E+00	1.554000E+00
1.475000E+00	1.554000E+00
1.476000E+00	1.554000E+00
1.477000E+00	1.554000E+00
1.478000E+00	1.554000E+00
1.479000E+00	1.554000E+00
1.480000E+00	1.554000E+00
1.481000E+00	1.554000E+00
1.482000E+00	1.554000E+00
1.483000E+00	1.554000E+00
1.484000E+00	1.554000E+00
1.485000E+00	1.554000E+00
1.486000E+00	1.554000E+00
1.487000E+00	1.554000E+00
1.488000E+00	1.554000E+00
1.489000E+00	1.554000E+00
1.490000E+00	1.554000E+00
1.491000E+00	1.554000E+00
1.492000E+00	1.554000E+00
1.493000E+00	1.554000E+00
1.494000E+00	1.554000E+00
1.495000E+00	1.554000E+00
1.496000E+00	1.554000E+00
1.497000E+00	1.554000E+00
1.498000E+00	1.554000E+00
1.499000E+00	1.554000E+00
1.500000E+00	1.554000E+00
1.501000E+00	1.554000E+00
1.502000E+00	1.554000E+00
1.503000E+00	1.554000E+00
1.504000E+00	1.554000E+00
1.505000E+00	1.554000E+00
1.506000E+00	1.554000E+00
1.507000E+00	1.554000E+00
1.508000E+00	1.554000E+00
1.509000E+00	1.554000E+00
1.510000E+00	1.554000E+00
1.511000E+00	1.554000E+00
1.512000E+00	1.554000E+00
1.513000E+00	1.554000E+00
1.514000E+00	1.554000E+00
1.515000E+00	1.554000E+00
1.516000E+00	1.554000E+00
1.517000E+00	1.554000E+00
1.518000E+00	1.554000E+00
1.519000E+00	1.554000E+00
1.520000E+00	1.554000E+00
1.521000E+00	1.554000E+00
1.522000E+00	1.554000E+00
1.523000E+00	1.554000E+00
1.524000E+00	1.554000E+00
1.525000E+00	1.554000E+00
1.526000E+00	1.554000E+00
1.527000E+00	1.554000E+00
1.528000E+00	1.554000E+00
1.529000E+00	1.554000E+00
1.530000E+00	1.554000E+00
1.531000E+00	1.554000E+00
1.532000E+00	1.554000E+00
1.533000E+00	1.554000E+00
1.534000E+00	1.554000E+00
1.535000E+00	1.554000E+00
1.536000E+00	1.554000E+00
1.537000E+00	1.554000E+00
1.538000E+00	1.554000E+00
1.539000E+00	1.554000E+00
1.540000E+00	1.554000E+00
1.541000E+00	1.554000E+00
1.542000E+00	1.554000E+00
1.543000E+00	1.554000E+00
1.544000E+00	1.554000E+00
1.545000E+00	1.554000E+00
1.546000E+00	1.554000E+00
1.547000E+00	1.554000E+00
1.548000E+00	1.554000E+00
1.549000E+00	1.554000E+00
1.550000E+00	1.554000E+00
1.551000E+00	1.554000E+00
1.552000E+00	1.554000E+00
1.553000E+00	1.554000E+00
1.554000E+00	1.554000E+00
1.555000E+00	1.554000E+00
1.556000E+00	1.554000E+00
1.557000E+00	1.554000E+00
1.558000E+00	1.554000E+00
1.559000E+00	1.554000E+00
1.560000E+00	1.554000E+00
1.561000E+00	1.554000E+00
1.562000E+00	1.554000E+00
1.563000E+00	1.554000E+00
1.564000E+00	1.554000E+00
1.565000E+00	1.554000E+00
1.566000E+00	1.554000E+00
1.567000E+00	1.554000E+00
1.568000E+00	1.554000E+00
1.569000E+00	1.554000E+00
1.570000E+00	1.554000E+00
1.571000E+00	1.554000E+00
1.572000E+00	1.554000E+00
1.573000E+00	1.554000E+00
1.574000E+00	1.554000E+00
1.575000E+00	1.554000E+00
1.576000E+00	1.554000E+00
1.577000E+00	1.554000E+00
1.578000E+00	1.554000E+00
1.579000E+00	1.554000E+00
1.580000E+00	1.554000E+00
1.581000E+00	1.554000E+00
1.582000E+00	1.554000E+00
1.583000E+00	1.554000E+00
1.584000E+00	1.554000E+00
1.585000E+00	1.554000E+00
1.586000E+00	1.554000E+00
1.587000E+00	1.554000E+00
1.588000E+00	1.554000E+00
1.589000E+00	1.554000E+00
1.590000E+00	1.554000E+00
1.591000E+00	1.554000E+00
1.592000E+00	1.554000E+00
1.593000E+00	1.554000E+00
1.594000E+00	1.554000E+00
1.595000E+00	1.554000E+00
1.596000E+00	1.554000E+00
1.597000E+00	1.554000E+00
1.598000E+00	1.554000E+00
1.599000E+00	1.554000E+00
1.600000E+00	1.554000E+00
1.601000E+00	1.554000E+00
1.602000E+00	1.554000E+00
1.603000E+00	1.554000E+00
1.604000E+00	1.554000E+00
1.605000E+00	1.554000E+00
1.606000E+00	1.554000E+00
1.607000E+00	1.554000E+00
1.608000E+00	1.554000E+00
1.609000E+00	1.554000E+00
1.610000E+00	1.554000E+00
1.611000E+00	1.554000E+00
1.612000E+00	1.554000E+00
1.613000E+00	1.554000E+00
1.614000E+00	1.554000E+00
1.615000E+00	1.554000E+00
1.616000E+00	1.554000E+00
1.617000E+00	1.554000E+00
1.618000E+00	1.554000E+00
1.619000E+00	1.554000E+00
1.620000E+00	1.554000E+00
1.621000E+00	1.554000E+00
1.622000E+00	1.554000E+00
1.623000E+00	1.554000E+00
1.624000E+00	1.554000E+00
1.625000E+00	1.554000E+00
1.626000E+00	1.554000E+00
1.627000E+00	1.554000E+00
1.628000E+00	1.554000E+00
1.629000E+00	1.554000E+00
1.630000E+00	1.554000E+00
1.631000E+00	1.554000E+00
1.632000E+00	1.554000E+00
1.633000E+00	1.554000E+00
1.634000E+00	1.554000E+00
1.635000E+00	1.554000E+00
1.636000E+00	1.554000E+00
1.637000E+00	1.554000E+00
1.638000E+00	1.554000E+00
1.639000E+00	1.554000E+00
1.640000E+00	1.554000E+00
1.641000E+00	1.554000E+00
1.642000E+00	1.554000E+00
1.643000E+00	1.554000E+00
1.644000E+00	1.554000E+00
1.645000E+00	1.554000E+00
1.646000E+00	1.554000E+00
1.647000E+00	1.554000E+00
1.648000E+00	1.554000E+00
1.649000E+00	1.554000E+00
1.650000E+00	1.554000E+00
1.651000E+00	1.554000E+00
1.652000E+00	1.554000E+00
1.653000E+00	1.554000E+00
1.654000E+00	1.554000E+00
1.655000E+00	1.554000E+00
1.656000E+00	1.554000E+00
1.657000E+00	1.554000E+00
1.658000E+00	1.554000E+00
1.659000E+00	1.554000E+00
1.660000E+00	1.554000E+00
1.661000E+00	1.554000E+00
1.662000E+00	1.554000E+00
1.663000E+00	1.554000E+00
1.664000E+00	1.554000E+00
1.665000E+00	1.554000E+00
1.666000E+00	1.554000E+00
1.667000E+00	1.554000E+00
1.668000E+00	1.554000E+00
1.669000E+00	1.554000E+00
1.670000E+00	1.554000E+00
1.671000E+00	1.554000E+00
1.672000E+00	1.554000E+00
1.673000E+00	1.554000E+00
1.674000E+00	1.554000E+00
1.675000E+00	1.554000E+00
1.676000E+00	1.554000E+00
1.677000E+00	1.554000E+00
1.678000E+00	1.554000E+00
1.679000E+00	1.554000E+00
1.680000E+00	1.554000E+00
1.681000E+00	1.554000E+00
1.682000E+00	1.554000E+00
1.683000E+00	1.554000E+00
1.684000E+00	1.554000E+00
1.685000E+00	1.554000E+00
1.686000E+00	1.554000E+00
1.687000E+00	1.554000E+00
1.688000E+00	1.554000E+00
1.689000E+00	1.554000E+00
1.690000E+00	1.554000E+00
1.691000E+00	1.554000E+00
1.692000E+00	1.554000E+00
1.693000E+00	1.554000E+00
1.694000E+00	1.554000E+00
1.695000E+00	1.554000E+00
1.696000E+00	1.554000E+00
1.697000E+00	1.554000E+00
1.698000E+00	1.554000E+00
1.699000E+00	1.554000E+00
1.700000E+00	1.554000E+00
1.701000E+00	1.554000E+00
1.702000E+00	1.554000E+00
1.703000E+00	1.554000E+00
1.704000E+00	1.554000E+00
1.705000E+00	1.554000E+00
1.706000E+00	1.554000E+00
1.707000E+00	1.554000E+00
1.708000E+00	1.554000E+00
1.709000E+00	1.554000E+00
1.710000E+00	1.554000E+00
1.711000E+00	1.554000E+00
1.712000E+00	1.554000E+00
1.713000E+00	1.554000E+00
1.714000E+00	1.554000E+00
1.715000E+00	1.554000E+00
1.716000E+00	1.554000E+00
1.717000E+00	1.554000E+00
1.718000E+00	1.554000E+00
1.719000E+00	1.554000E+00
1.720000E+00	1.554000E+00
1.721000E+00	1.554000E+00
1.722000E+00	1.554000E+00
1.723000E+00	1.554000E+00
1.724000E+00	1.554000E+00
1.725000E+00	1.554000E+00
1.726000E+00	1.554000E+00
1.727000E+00	1.554000E+00
1.728000E+00	1.554000E+00
1.729000E+00	1.554000E+00
1.730000E+00	1.554000E+00
1.731000E+00	1.554000E+00
1.732000E+00	1.554000E+00
1.733000E+00	1.554000E+00
1.734000E+00	1.554000E+00
1.735000E+00	1.554000E+00
1.736000E+00	1.554000E+00
1.737000E+00	1.554000E+00
1.738000E+00	1.554000E+00
1.739000E+00	1.554000E+00
1.740000E+00	1.554000E+00
1.741000E+00	1.554000E+00
1.742000E+00	1.554000E+00
1.743000E+00	1.554000E+00
1.744000E+00	1.554000E+00
1.745000E+00	1.554000E+00
1.746000E+00	1.554000E+00
1.747000E+00	1.554000E+00
1.748000E+00	1.554000E+00
1.749000E+00	1.554000E+00
1.750000E+00	1.554000E+00
1.751000E+00	1.554000E+00
1.752000E+00	1.554000E+00
1.753000E+00	1.554000E+00
1.754000E+00	1.554000E+00
1.755000E+00	1.554000E+00
1.756000E+00	1.554000E+00
1.757000E+00	1.554000E+00
1.758000E+00	1.554000E+00
1.759000E+00	1.554000E+00
1.760000E+00	1.554000E+00
1.761000E+00	1.554000E+00
1.762000E+00	1.554000E+00
1.763000E+00	1.554000E+00
1.764000E+00	1.554000E+00
1.765000E+00	1.554000E+00
1.766000E+00	1.554000E+00
1.767000E+00	1.554000E+00
1.768000E+00	1.554000E+00
1.769000E+00	1.554000E+00
1.770000E+00	1.554000E+00
1.771000E+00	1.554000E+00
1.772000E+00	1.554000E+00
1.773000E+00	1.554000E+00
1.774000E+00	1.554000E+00
1.775000E+00	1.554000E+00
1.776000E+00	1.554000E+00
1.777000E+00	1.554000E+00
1.778000E+00	1.554000E+00
1.779000E+00	1.554000E+00
1.780000E+00	1.554000E+00
1.781000E+00	1.554000E+00
1.782000E+00	1.554000E+00
1.783000E+00	1.554000E+00
1.784000E+00	1.554000E+00
1.785000E+00	1.554000E+00
1.786000E+00	1.554000E+00
1.787000E+00	1.554000E+00
1.788000E+00	1.554000E+00
1.789000E+00	1.554000E+00
1.790000E+00	1.554000E+00
1.791000E+00	1.554000E+00
1.792000E+00	1.554000E+00
1.793000E+00	1.554000E+00
1.794000E+00	1.554000E+00
1.795000E+00	1.554000E+00
1.796000E+00	1.554000E+00
1.797000E+00	1.554000E+00
1.798000E+00	1.554000E+00
1.799000E+00	1.554000E+00
1.800000E+00	1.554000E+00
1.801000E+00	1.554000E+00
1.802000E+00	1.554000E+00
1.803000E+00	1.554000E+00
1.804000E+00	1.554000E+00
1.805000E+00	1.554000E+00
1.806000E+00	1.554000E+00
1.807000E+00	1.554000E+00
1.808000E+00	1.554000E+00
1.809000E+00	1.554000E+00
1.810000E+00	1.554000E+00
1.811000E+00	1.554000E+00
1.812000E+00	1.554000E+00
1.813000E+00	1.554000E+00
1.814000E+00	1.554000E+00
1.815000E+00	1.554000E+00
1.816000E+00	1.554000E+00
1.817000E+00	1.554000E+00
1.818000E+00	1.554000E+00
1.819000E+00	1.554000E+00
1.820000E+00	1.554000E+00
1.821000E+00	1.554000E+00
1.822000E+00	1.554000E+00
1.823000E+00	1.554000E+00
1.824000E+00	1.554000E+00
1.825000E+00	1.554000E+00
1.826000E+00	1.554000E+00
1.827000E+00	1.554000E+00
1.828000E+00	1.554000E+00
1.829000E+00	1.554000E+00
1.830000E+00	1.554000E+00
1.831000E+00	1.554000E+00
1.832000E+00	1.554000E+00
1.833000E+00	1.554000E+00
1.834000E+00	1.554000E+00
1.835000E+00	1.554000E+00
1.836000E+00	1.554000E+00
1.837000E+00	1.554000E+00
1.838000E+00	1.554000E+00
1.839000E+00	1.554000E+00
1.840000E+00	1.554000E+00
1.841000E+00	1.554000E+00
1.842000E+00	1.554000E+00
1.843000E+00	1.554000E+00
1.844000E+00	1.554000E+00
1.845000E+00	1.554000E+00
1.846000E+00	1.554000E+00
1.847000E+00	1.554000E+00
1.848000E+00	1.554000E+00
1.849000E+00	1.554000E+00
1.850000E+00	1.554000E+00
1.851000E+00	1.554000E+00
1.852000E+00	1.554000E+00
1.853000E+00	1.554000E+00
1.854000E+00	1.554000E+00
1.855000E+00	1.554000E+00
1.856000E+00	1.554000E+00
1.857000E+00	1.554000E+00
1.858000E+00	1.554000E+00
1.859000E+00	1.554000E+00
1.860000E+00	1.554000E+00
1.861000E+00	1.554000E+00
1.862000E+00	1.554000E+00
1.863000E+00	1.554000E+00
1.864000E+00	1.554000E+00
1.865000E+00	1.554000E+00
1.866000E+00	1.554000E+00
1.867000E+00	1.554000E+00
1.868000E+00	1.554000E+00
1.869000E+00	1.554000E+00
1.870000E+00	1.554000E+00
1.871000E+00	1.554000E+00
1.872000E+00	1.554000E+00
1.873000E+00	1.554000E+00
1.874000E+00	1.554000E+00
1.875000E+00	1.554000E+00
1.876000E+00	1.554000E+00
1.877000E+00	1.554000E+00
1.878000E+00	1.554000E+00
1.879000E+00	1.554000E+00
1.880000E+00	1.554000E+00
1.881000E+00	1.554000E+00
1.882000E+00	1.554000E+00
1.883000E+00	1.554000E+00
1.884000E+00	1.554000E+00
1.885000E+00	1.554000E+00
1.886000E+00	1.554000E+00
1.887000E+00	1.554000E+00
1.888000E+00	1.554000E+00
1.889000E+00	1.554000E+00
1.890000E+00	1.554000E+00
1.891000E+00	1.554000E+00
1.892000E+00	1.554000E+00
1.893000E+00	1.554000E+00
1.894000E+00	1.554000E+00
1.895000E+00	1.554000E+00
1.896000E+00	1.554000E+00
1.897000E+00	1.554000E+00
1.898000E+00	1.554000E+00
1.899000E+00	1.554000E+00
1.900000E+00	1.554000E+00
1.901000E+00	1.554000E+00
1.902000E+00	1.554000E+00
1.903000E+00	1.554000E+00
1.904000E+00	1.554000E+00
1.905000E+00	1.554000E+00
1.906000E+00	1.554000E+00
1.907000E+00	1.554000E+00
1.908000E+00	1.554000E+00
1.909000E+00	1.554000E+00
1.910000E+00	1.554000E+00
1.911000E+00	1.554000E+00
1.912000E+00	1.554000E+00
1.913000E+00	1.554000E+00
1.914000E+00	1.554000E+00
1.915000E+00	1.554000E+00
1.916000E+00	1.554000E+00
1.917000E+00	1.554000E+00
1.918000E+00	1.554000E+00
1.919000E+00	1.554000E+00
1.920000E+00	1.554000E+00
1.921000E+00	1.554000E+00
1.922000E+00	1.554000E+00
1.923000E+00	1.554000E+00
1.924000E+00	1.554000E+00
1.925000E+00	1.554000E+00
1.926000E+00	1.554000E+00
1.927000E+00	1.554000E+00
1.928000E+00	1.554000E+00
1.929000E+00	1.554000E+00
1.930000E+00	1.554000E+00
1.931000E+00	1.554000E+00
1.932000E+00	1.554000E+00
1.933000E+00	1.554000E+00
1.934000E+00	1.554000E+00
1.935000E+00	1.554000E+00
1.936000E+00	1.554000E+00
1.937000E+00	1.554000E+00
1.938000E+00	1.554000E+00
1.939000E+00	1.554000E+00
1.940000E+00	1.554000E+00
1.941000E+00	1.554000E+00
1.942000E+00	1.554000E+00
1.943000E+00	1.554000E+00
1.944000E+00	1.554000E+00
1.945000E+00	1.554000E+00
1.946000E+00	1.554000E+00
1.947000E+00	1.554000E+00
1.948000E+00	1.554000E+00
1.949000E+00	1.554000E+00
1.950000E+00	1.554000E+00
1.951000E+00	1.554000E+00
1.952000E+00	1.554000E+00
1.953000E+00	1.554000E+00
1.954000E+00	1.554000E+00
1.955000E+00	1.554000E+00
1.956000E+00	1.554000E+00
1.957000E+00	1.554000E+00
1.958000E+00	1.554000E+00
1.959000E+00	1.554000E+00
1.960000E+00	1.554000E+00
1.961000E+00	1.554000E+00
1.962000E+00	1.554000E+00
1.963000E+00	1.554000E+00
1.964000E+00	1.554000E+00
1.965000E+00	1.554000E+00
1.966000E+00	1.554000E+00
1.967000E+00	1.554000E+00
1.968000E+00	1.554000E+00
1.969000E+00	1.554000E+00
1.970000E+00	1.554000E+00
1.971000E+00	1.554000E+00
1.972000E+00	1.554000E+00
1.973000E+00	1.554000E+00
1.974000E+00	1.554000E+00
1.975000E+00	1.554000E+00
1.976000E+00	1.554000E+00
1.977000E+00	1.554000E+00
1.978000E+00	1.554000E+00
1.979000E+00	1.554000E+00
1.980000E+00	1.554000E+00
1.981000E+00	1.554000E+00
1.982000E+00	1.554000E+00
1.983000E+00	1.554000E+00
1.984000E+00	1.554000E+00
1.985000E+00	1.554000E+00
1.986000E+00	1.554000E+00
1.987000E+00	1.554000E+00
1.988000E+00	1.554000E+00
1.989000E+00	1.554000E+00
1.990000E+00	1.554000E+00
1.991000E+00	1.554000E+00
1.992000E+00	1.554000E+00
1.993000E+00	1.554000E+00
1.994000E+00	1.554000E+00
1.995000E+00	1.554000E+00
1.996000E+00	1.554000E+00
1.997000E+00	1.554000E+00
1.998000E+00	1.554000E+00
1.999000E+00	1.554000E+00
